sample_id,category,ground_truth,predicted,confidence,evidence,location,image_path,mask_path,failure_pattern
bottle_test_good_00001,bottle,good,broken_small,0.95,A distinct crack or break is visible along the rim thread area at the bottom section.,bottom rim thread,../bottle/test/good/001.png,,
bottle_test_good_00010,bottle,good,broken_small,0.95,A small crack or chip is visible on the inner rim of the bottle opening.,"inner rim, bottom portion of the opening",../bottle/test/good/010.png,,
bottle_test_good_00014,bottle,good,broken_small,0.95,A small chip or fracture is visible on the outer rim of the bottleneck.,Right side of the outer rim,../bottle/test/good/014.png,,
bottle_test_broken_large_00025,bottle,broken_large,broken_small,0.98,A noticeable missing piece or fracture of the glass rim with jagged edges and a reflective broken surface.,top-right rim of the bottle opening,../bottle/test/broken_large/005.png,../bottle/ground_truth/broken_large/005_mask.png,
bottle_test_broken_large_00032,bottle,broken_large,broken_small,0.99,A chip or breakage is missing from the upper rim of the bottle neck.,"Top rim of the bottle opening, around the 12 o'clock position",../bottle/test/broken_large/012.png,../bottle/ground_truth/broken_large/012_mask.png,
bottle_test_broken_large_00034,bottle,broken_large,broken_small,0.98,"A small section of the glass rim is chipped and missing, showing bright reflective fracture edges.",bottom-left rim of the bottle neck opening,../bottle/test/broken_large/014.png,../bottle/ground_truth/broken_large/014_mask.png,
bottle_test_broken_small_00043,bottle,broken_small,broken_large,0.99,Large jagged fracture and missing material on the rim and inner lip of the opening.,bottom-left to lower-middle rim area,../bottle/test/broken_small/003.png,../bottle/ground_truth/broken_small/003_mask.png,
bottle_test_broken_small_00048,bottle,broken_small,broken_large,0.99,"A large crack and missing piece are visible on the inner rim of the bottle opening, spanning across a significant section.",inner rim of the bottle opening,../bottle/test/broken_small/008.png,../bottle/ground_truth/broken_small/008_mask.png,
bottle_test_broken_small_00050,bottle,broken_small,broken_large,0.99,"A large chunk of the rim is missing, exposing a jagged and reflective fractured surface.",Top right portion of the rim,../bottle/test/broken_small/010.png,../bottle/ground_truth/broken_small/010_mask.png,
